-- Insert data bias --
INSERT INTO bias (id, name, description, example) VALUES (1, 'Decoy effect', 'In de keuze tussen twee producten zal er een voorkeur optreden voor een van de twee zodra je een er een optie tussen plaatst die (asymmetrisch) dichter bij een van de opties ligt.', 'In de bioscoop verkoopt men kleine, medium en grote popcorn voor €2.50, €3,50 en €4,00 respectievelijk.');
INSERT INTO bias (id, name, description, example) VALUES (2, 'Representativeness Heuristic', 'We hebben de neiging zaken die op elkaar lijken, die representatief zijn voor elkaar, met elkaar te verbinden. Ook als daar geen correlatie of causaal verband tussen bestaat.', 'In sommige alternatieve geneeswijzen wordt het aangeraden om orgaanvlees te eten overeenkomstig met het orgaan waar de patiënt last van heeft. Het gezonde, geconsumeerde vlees zou dan helpen het zieke weefsel te helen.');
INSERT INTO bias (id, name, description, example) VALUES (3, 'Negativity bias', 'Negatieve prikkels hebben een disproportioneel groter effect op onze gemoedstoestand dan positieve prikkels van eenzelfde intensiteit.', 'Je zit al een uur in de vergadering met de directie. Je realiseert je dat het 90% van de tijd gaat over risico''s, verliezen, bedreigingen en het vermijden van deze zaken.');
INSERT INTO bias (id, name, description, example) VALUES (4, 'Spotlight effect','We denken soms dat we aandachtiger worden gezien en gehoord door anderen dan werkelijk waar is.', 'Tijdens een presentatie ben je gespannen over die paar zweetdruppels die op je voorhoofd staan. Je verwacht dat iedereen die zal zien en er iets van zal vinden. In werkelijkheid heeft bijna niemand het door. Bovendien vindt het publiek er helemaal niets van.');
INSERT INTO bias (id, name, description, example) VALUES (5, 'Authority bias','We hebben de neiging zaken die op elkaar lijken, die representatief zijn voor elkaar, met elkaar te verbinden. Ook als daar geen correlatie of causaal verband tussen bestaat.', 'We nemen van externe consultants met een bepaalde expertise sneller een aanbeveling over. Zelfs als dat buiten het eigen expertisegebied valt.');
INSERT INTO bias (id, name, description, example) VALUES (6, 'Hot-hand fallacy','We verwachten dat iemand die succes heeft gehad ook in de toekomst een grotere kans heeft op succes. Terwijl daar op basis van de logische kansverdeling geen aanleiding toe is.', 'Een basketballer heeft met vrije worpen een gemiddelde van 50% raak. Maar vanavond heeft hij de eerste 3 vrije worpen raak gegooid. Hij is niet te stoppen!');
INSERT INTO bias (id, name, description, example) VALUES (7, 'Anchoring', 'We laten een eerder beschikbaar gekregen stukje informatie onze latere besluitvorming beïnvloeden. Ondanks dat deze info niet relevant hoeft te zijn. Dit gebeurt vaak als er prijzen of schattingen mee gemoeid zijn.', 'Wanneer je onderhandelt om prijs is het raadzaam om een absurd openingsbod te negeren. En voordat je zelf een bod plaatst, de tegenpartij een realistisch tegenbod te laten plaatsen. Om te voorkomen dat het eindigt in de buurt van dit absurde eerste bod.');
INSERT INTO bias (id, name, description, example) VALUES (8, 'Loss Aversion', 'We hebben de neiging om (potentieel) verlies zwaarder te laten wegen als we een keuze krijgen om iets te winnen versus verliezen.', 'Je krijgt de keuze om een weddenschap te doen met inleg van 10 euro uit eigen zak. De kans op winst is 50%. Als je wint krijg je 20 euro, als je verliest niets. Onbewust ga je die weddenschap liever niet aan, ondanks dat je rationeel gezien per saldo op nul uitkomt.');
INSERT INTO bias (id, name, description, example) VALUES (9, 'Illusion of validity','We overschatten ons vermogen om data juist te interpreteren en er voorspellingen over te doen. Zeker als het gaat om data die "consistente" patronen laat zien en een verhaal lijkt te vertellen.', 'De dataset wijst erop dat de verkoop van hamburgers wordt gestimuleerd door de kleur van het postertje bij de balie groen of geel te maken. Terwijl dit er eigenlijk niets mee te maken heeft.');
INSERT INTO bias (id, name, description, example) VALUES (10, 'Illusory correlation','We zien makkelijk verbanden tussen eigenschappen, variabelen en fenomenen die er in werkelijkheid niet zijn. Die neiging hebben we zeker als we naar datareeksen kijken.', 'Als amateur astroloog heb je al jaren de stand van de maan geobserveerd. Je concludeert dat er een relatie is tussen de maanfases en de dalende of juist stijgende geboortecijfers in Amsterdam.');
INSERT INTO bias (id, name, description, example) VALUES (11, 'Confirmation bias','We geven de voorkeur aan het zoeken, vinden en verwerken van informatieprikkels die onze bestaande overtuigingen bevestigen.', 'Je gelooft dat vrouwen slimmer zijn dan mannen. En je wordt je er vooral bewust van als je een slimme vrouw ontmoet. Voorbeelden van minder slimme vrouwen en mannen ontgaan je sneller.');
INSERT INTO bias (id, name, description, example) VALUES (12, 'Reactance', 'We ervaren onbewust een onplezierig gevoel en aversie richting mensen die ons beperken in onze keuzes of autonomie. Zeker als we deze mensen bestempelen als (de) autoriteit. Dit stuurt ons in, vaak opstandig, gedrag.', 'In een openbaar wc-gebouw hangt een bordje met "Je mag niet op de muren tekenen". Deze muren zijn volgekalkt. In een ander wc-gebouw waar het bordje niet hangt staat een enkele bescheiden liefdesverklaring.');
INSERT INTO bias (id, name, description, example) VALUES (13, 'Confabulation','We wisselen soms echte en verbeelde herinneringen in. Waardoor we onbewust overdreven, opgeblazen en vertekende herinneringen over onszelf en de wereld voortbrengen.', 'Vol overtuiging vertel je aan je collega\''s hoe op het bedrijfsfeest van 2009 Sjaak van afdeling finance net iets teveel had gedronken. Niemand herinnert zich het, maar je bent zo overtuigend dat ze het ook niet tegenspreken.');
INSERT INTO bias (id, name, description, example) VALUES (14, 'Backfire effect','We versterken onze eigen overtuigingen juist als we worden geconfronteerd met tegengesteld bewijs.', 'Neef Fred beweert op een verjaardagsfeestje dat zijn wijk aan het verloederen is. Op het moment dat je hem dalende criminaliteitscijfers laat zien in de afgelopen jaren schudt hij zijn hoofd. Dat zie je toch echt verkeerd. Dat is volgens hem alleen maar bewijs dat onderzoekers hun werk niet goed hebben gedaan.');
INSERT INTO bias (id, name, description, example) VALUES (15, 'Self-serving bias','We verbuigen ons waarnemingsvermogen om ons zelfbeeld in stand te houden, of om onszelf juist in een overdreven positieve manier te zien.', 'Manager Kees vindt zichzelf een geweldig mensen-mens met tact en empathie. Als je zijn medewerkers om een beschrijving vraagt van zijn mensen-vaardigheden, dan zou je eerder vermoeden dat Kees een weekdier met tentakels is dat in de zee leeft.d');

-- Insert data measure question --
-- Round one --
INSERT INTO measure_question (id, answer, points) VALUES (1, 'We plaatsen een overzicht van de informatie over het virus en omschrijven welke soorten middelen infectie kunnen afremmen of tegenhouden.', 5);
INSERT INTO measure_question (id, answer, points) VALUES (2, 'De bevolking van Digitanzanië is slim genoeg om te snappen dat dit soort huis, tuin en keukenmiddeltjes hen niet veilig gaan houden. We hoeven niks te doen.', 0);
INSERT INTO measure_question (id, answer, points) VALUES (3, 'Een gevoel van veiligheid is ook wat waard, maar dat moet niet ten koste gaan van anderen. We laten weten dat de tampons niet zullen helpen.', 2);
-- Round two --
INSERT INTO measure_question (id, answer, points) VALUES (4, 'Als het gaat om de veiligheid van onze bevolking kunnen we niet genoeg doen! Het dragen van neuskapjes moet verplicht worden buiten huis.', 0);
INSERT INTO measure_question (id, answer, points) VALUES (5, 'We weten niet zeker of het dragen van neuskapjes werkt, maar baat het niet dan schaadt het niet. We adviseren burgers om een neuskapje te dragen.', 2);
INSERT INTO measure_question (id, answer, points) VALUES (6, 'We adviseren de burgers zich te houden aan maatregelen waarvan we weten dat die effectief zijn.', 5);
-- Round three --
INSERT INTO measure_question (id, answer, points) VALUES (7, 'Kies pakket 1', 0);
INSERT INTO measure_question (id, answer, points) VALUES (8, 'Kies pakket 2', 5);
INSERT INTO measure_question (id, answer, points) VALUES (9, 'Kies pakket 3', 2);
-- Round four --
INSERT INTO measure_question (id, answer, points) VALUES (10, 'We halen de sinaasappels uit de schappen voor een periode van een week. Het risico voor de gezondheid van onze burgers is te groot.', 0);
INSERT INTO measure_question (id, answer, points) VALUES (11, 'We gaan in meer dorpen en steden in het land vergelijkbare data verzamelen. Hiervoor moeten we grof investeren, maar het is de enige manier om zeker te zijn van het effect van sinaasappels op besmetting.', 5);
INSERT INTO measure_question (id, answer, points) VALUES (12, 'We verstrekken sinaasappels via een voedselbon in de helft van de steden. Op deze manier kunnen we experimenteren met de werkelijke impact van sinaasappels op besmettingscijfers.', 2);
-- Round five --
INSERT INTO measure_question (id, answer, points) VALUES (13, 'We laten de maatregelen doorgaan met een duidelijk plan wanneer ze versoepeld kunnen worden.', 5);
INSERT INTO measure_question (id, answer, points) VALUES (14, 'We verlichten het plan voor de avondklok naar 21:30 en verkleinen de afstand tot 1 meter.', 2);
INSERT INTO measure_question (id, answer, points) VALUES (15, 'We schrappen de meest bezwaarlijke maatregelen en voeren alleen de breder gedragen maatregelen in.', 0);
-- Round six --
INSERT INTO measure_question (id, answer, points) VALUES (16, 'De situatie in Digitanzanië is anders dan de rest van de wereld. We houden vast aan de koers en gaan meer versoepelingen doorvoeren.', 0);
INSERT INTO measure_question (id, answer, points) VALUES (17, 'We zijn waakzaam en onderzoeken nog iets langer of vooral het afstand houden niet verlengd moet worden.', 5);
INSERT INTO measure_question (id, answer, points) VALUES (18, 'We houden vast aan de versoepelingen van de afstand. Maar we herzien onze conclusies als dit beter blijkt te zijn voor de complete bevolking.', 2);

-- Insert data metric --
INSERT INTO metric (id, name) VALUES (1, 'Gezonde bevolking');
INSERT INTO metric (id, name) VALUES (2, 'Geinfecteerde bevolking');
INSERT INTO metric (id, name) VALUES (3, 'Gemuteerde bevolking');

-- Insert data timer --
INSERT INTO timer (id, name) VALUES (1, '5');
INSERT INTO timer (id, name) VALUES (2, '6');
INSERT INTO timer (id, name) VALUES (3, '7');
INSERT INTO timer (id, name) VALUES (4, '8');

-- Insert data scenario --
-- Round one --
INSERT INTO scenario (id, title, text) VALUES (1, 'Hamsterwoede!','Met oplopende Olifantengriepcijfers op de horizon zijn inwoners van Engelse Eiland massaal begonnen met het inslaan van tampons. Deze zouden helpen de Olifantengriep uit de neus te houden en daarmee een infectie te voorkomen. De regering van Engelse Eiland verzoekt haar burgers dringend om te stoppen met hamsteren, en verzekert hen ervan dat de voorraden groot genoeg zijn om iedereen te kunnen bedienen. Over de effectiviteit van het tampongebruik als preventie van de Olifantengriep zijn door experts nog geen uitspraken gedaan. In Digitanzanië beginnen de eerste geluiden al op te gaan om spullen in te slaan. Wat moet de overheid doen?');
-- Round two --
INSERT INTO scenario (id, title, text) VALUES (2, 'De redder!', 'De opmars van de Olifantengriep gaat onverminderd door. Onder de bevolking gaan er geluiden op dat neuskapjes mogelijk helpen tegen de verspreiding. Nico Vaarderen, spreker en trendwatcher, vertelde onlangs in een praatprogramma dat neuskapjes hoogst waarschijnlijk een vermindering van het aantal besmettingen konden opleveren. Nico Vaarderen was één van de eerste die zag dat Noord-Kropslavië hard getroffen zou gaan worden. Daarnaast voorspelde hij ook een snelle verbreiding van het virus naar Zuid-Kropslavië. Wat moet de overheid van Digitanzanië doen?');
-- Round three --
INSERT INTO scenario (id, title, text) VALUES (3, 'Medicijn aangeboden', 'Farmaceut ProCare BV biedt overheden de kans om het preventie medicijn Nosnez te bestellen. Nosnez inhibeert de niesreflex in mensen en vermindert de hoestreflex. Zo worden besmettingen voorkomen. ProCare wil per direct orders ontvangen om de productie op te schalen. De nog veranderlijke prognose is dat er tussen 1.5 en 1.7 miljoen doses nodig zullen zijn in Digitanzanië. ProCare biedt 3 pakketten aan: <br><br> 1) 1.000.000 doses Nosnez voor $51.380.000 <br> 2) 1.600.000 doses Nosnez voor $53.750.000 <br> 3) 2.000.000 doses Nosnez voor $58.000.000 <br><br> Financiering voor de aanschaf komt uit het Olifantengriep noodfonds. Deze wordt ook gebruikt voor, onder andere, de opschaling van ziekenhuis IC bedden en testcapaciteit. ProCare biedt Nosnez eenmalig aan. Het is onzeker wanneer ProCare na deze productie nieuwe doses aan zal bieden.');
-- Round four --
INSERT INTO scenario (id, title, text) VALUES (4, 'Zand in de oranje motor?', 'De besmettingscijfers nemen nu ook in Digitanzanië serieuze vormen aan. De overheid-kritische Dikke Huidenbeweging beweert over informatie te beschikken dat het consumeren van sinaasappels en andere producten met hoge vitamine C concentratie de besmettingsgraad verhoogt. Het risico om dit niet te onderzoeken lijkt de overheid van Digitanzanië te groot. Zij heeft een onderzoeksteam gevraagd de sinaasappelconsumptie onder de loep te nemen. Met als doel om te bepalen of verse sinaasappels tijdelijk uit de winkels moeten verdwijnen.<br><br>Er zijn op het hele continent steekproeven genomen: bekijk de dataset sinaasappels en infecties door op de knop hieronder te klikken.');
-- Round five --
INSERT INTO scenario (id, title, text) VALUES (5, 'Maatwerkregel', 'Met de oplopende Olifantengriep cijfers heeft de regering van Digitanzanië een pakket met strengere maatregelen voorgesteld. Daarin wordt onder andere gepraat over een 3 meter afstandsregel, een avondklok vanaf 8 uur en het sluiten van alles behalve de supermarkten om zo contactmomenten zoveel mogelijk te beperken. Vanuit verschillende hoeken gaan mensen boos de straat op om tegen deze maatregelen te protesteren. Ze zouden te streng zijn en de onderbouwing voor het effect tegen de verspreiding gebrekkig. Vergelijkbare maatregelen zijn ook in Noord-Kropslavië ingezet. Daar zijn de cijfers voorzichtig optimistisch aan het worden.');
-- Round six --
INSERT INTO scenario (id, title, text) VALUES (6, 'Verdere versoepelingen', 'Met de oplopende Olifantengriep cijfers heeft de regering van Digitanzanië een pakket met strengere maatregelen voorgesteld. Daarin wordt onder andere gepraat over een 3 meter afstandsregel, een avondklok vanaf 8 uur en het sluiten van alles behalve de supermarkten om zo contactmomenten zoveel mogelijk te beperken. Vanuit verschillende hoeken gaan mensen boos de straat op om tegen deze maatregelen te protesteren. Ze zouden te streng zijn en de onderbouwing voor het effect tegen de verspreiding gebrekkig. Vergelijkbare maatregelen zijn ook in Noord-Kropslavië ingezet. Daar zijn de cijfers voorzichtig optimistisch aan het worden.');

-- Insert data map --
INSERT INTO map (id, name, url) VALUES (1, 'G1R1C3', 'https://drive.google.com/file/d/105fIMab65FnR2laOn2aVwYDKALx4_2PA/preview');
INSERT INTO map (id, name, url) VALUES (2, 'G1R2C2', 'https://drive.google.com/file/d/1hhZeC6F3ykdFMo-SukAKKqWawZGvppUy/preview');
INSERT INTO map (id, name, url) VALUES (3, 'G1R2C3', 'https://drive.google.com/file/d/1pc0JpeS1KA6fd8dMDqGO3s2dY3rN4zBE/preview');
INSERT INTO map (id, name, url) VALUES (4, 'G1R2C4', 'https://drive.google.com/file/d/1TSn036666Q4FijKtqg2oram7E1SJX0Y3/preview');
INSERT INTO map (id, name, url) VALUES (5, 'G1R3C1', 'https://drive.google.com/file/d/1fHfKAKbDrEysJZBNTasCzpE7NjyHIxm6/preview');
INSERT INTO map (id, name, url) VALUES (6, 'G1R3C2', 'https://drive.google.com/file/d/13tecFY5L8_3wP559SemhoiQXtvQP_OS1/preview');
INSERT INTO map (id, name, url) VALUES (7, 'G1R3C3', 'https://drive.google.com/file/d/1e33ygXKnyM3DedFOFxWAysKIIov4t9h5/preview');
INSERT INTO map (id, name, url) VALUES (8, 'G1R3C4', 'https://drive.google.com/file/d/1Oy6SYdZykbJVqf2-qLcUM97RzUhhXfZg/preview');
INSERT INTO map (id, name, url) VALUES (9, 'G1R3C5', 'https://drive.google.com/file/d/1c5uwgVNnsOAQq7Qvt1Vib-cAIPQipvXw/preview');
INSERT INTO map (id, name, url) VALUES (10, 'G1R4C1', 'https://drive.google.com/file/d/1xXFcEJA3hNoLTZYbYQJzTj39fr9iqgE_/preview');
INSERT INTO map (id, name, url) VALUES (11, 'G1R4C2', 'https://drive.google.com/file/d/1I0q9t_a0To6EarEO3xF_ZfECgx1qkolK/preview');
INSERT INTO map (id, name, url) VALUES (12, 'G1R4C3', 'https://drive.google.com/file/d/1Ju0SqCLTIMCOvCGlW3zORcEdxOjCVx8s/preview');
INSERT INTO map (id, name, url) VALUES (13, 'G1R4C4', 'https://drive.google.com/file/d/1Is3bsweKluhm-K7HWbDa8LlBO41iXVOb/preview');
INSERT INTO map (id, name, url) VALUES (14, 'G1R4C5', 'https://drive.google.com/file/d/1Gie4nZQBTpKPhXZFRe6LywuJpIVNalcL/preview');
INSERT INTO map (id, name, url) VALUES (15, 'G1R5C1', 'https://drive.google.com/file/d/19o4ssqEwQo5rJ2CX-0Kf40ZcLZYAkGSV/preview');
INSERT INTO map (id, name, url) VALUES (16, 'G1R5C2', 'https://drive.google.com/file/d/1QfS7XbbDVqGNEbxVrDPlEYmfRpkNJocM/preview');
INSERT INTO map (id, name, url) VALUES (17, 'G1R5C3', 'https://drive.google.com/file/d/192DxpufVDet_imSuTRz0KMk1VUYdVWLx/preview');
INSERT INTO map (id, name, url) VALUES (18, 'G1R5C4', 'https://drive.google.com/file/d/1KH8JsSipH1L_bQQXUzP0Bh6tJV9u_WyG/preview');
INSERT INTO map (id, name, url) VALUES (19, 'G1R5C5', 'https://drive.google.com/file/d/14l3rXY6CoS6TMO6WLNTEKPxnNtY06gQI/preview');
INSERT INTO map (id, name, url) VALUES (20, 'G1R6C1', 'https://drive.google.com/file/d/12laqsIFQsbURxP4e0BxiPRVKFuVfqUeE/preview');
INSERT INTO map (id, name, url) VALUES (21, 'G1R6C2', 'https://drive.google.com/file/d/1FnPvDwfypW4e92yVrLeayiBN20p5oqpH/preview');
INSERT INTO map (id, name, url) VALUES (22, 'G1R6C3', 'https://drive.google.com/file/d/1reAXT_JLRcdqFZP6ULw15s4m2CxN7SWv/preview');
INSERT INTO map (id, name, url) VALUES (23, 'G1R6C4', 'https://drive.google.com/file/d/1KbYdc6UrZHSYEdSpAUf1l-HPsoJp1qnk/preview');
INSERT INTO map (id, name, url) VALUES (24, 'G1R6C5', 'https://drive.google.com/file/d/1PDirDYabD17th7ACcARJIlvD72_TkM4K/preview');
INSERT INTO map (id, name, url) VALUES (25, 'Lege kaart', '');

-- Insert data newsarticle --
INSERT INTO news_article (id, title, message, source, pop_up) VALUES (1, 'Een nieuw en potentieel levensbedreigend virus is gevonden in Noord-Kropslavië', 'De afgelopen dagen zijn er steeds meer gevallen bekend geworden van een nieuw en mogelijk levensbedreigend virus in Noord-Kropslavië. Genaamd de olifantengriep vanwege de gezichtsmutatie die het laatste stadium van besmetting met dit virus met zich mee brengt: een permanente verandering van de neus in een slurf. Epidemiologen en virologen zijn druk bezig met een onderzoek om het virus tegen te gaan.', '~ Daily Digitanzanië ~', true);
INSERT INTO news_article (id, title, message, source, pop_up) VALUES (2, 'Experts maken zich zorgen over stijgende aantal besmettingen Olifantengriep', 'Veel blijft nog onbekend over de onlangs ontdekte Olifantengriep. Vooralsnog lijkt Noord-Kropslavië het enige land dat getroffen is. Inzichten in de verspreiding en werking van het virus blijven nog uit. Authoriteiten in Degressia zijn begonnen met de eerste maatregelen om het land voor te bereiden op een uitbraak.', '~ Degressia Dagblad ~', false);
INSERT INTO news_article (id, title, message, source, pop_up) VALUES (3, 'Degressia sluit grenzen', 'Om te voorkomen dat Degressia wordt aangestoken met de Olifantengriep heeft het land besloten de grenzen te sluiten. Sinds in haar buurlanden de Olifantengriep is gevonden, treft het land alle voorzorgsmaatregelen om haar inwoners veilig te houden. Onder de inwoners van het land heerst verdeeldheid over de genomen maatregelen.', '~ Montangia Mail ~', false);
INSERT INTO news_article (id, title, message, source, pop_up) VALUES (4, 'Hamsterwoede overvalt ook Digitanzanië', 'Na Engelse Eiland is ook in Digitanzanië hamsterwoede uitgebroken. Door het hele land worden supermarkten leeg gehaald. Met name tampons worden massaal ingeslagen. Deze zouden namelijk helpen tegen een infectie met de nieuwe Olifantengriep. Het nationaal onderzoeksinstituut in Montangia liet al weten dat dit gebruik geen effect heeft op de verspreiding van de Olifantengriep. Desalniettemin gaat het hamsteren onverminderd door met regionale tekorten als gevolg.', '~ Pretechnostan Post ~', true);
INSERT INTO news_article (id, title, message, source, pop_up) VALUES (5, 'Olifantengriep wijd verbreid in Noord-Kropslavië', 'Besmettingen met de Olifantengriep lopen op in Noord-Kropslavië. Gevallen zijn nu geconstateerd in alle grote steden. Het totaal aantal besmettingen is tevens al boven de 5.000 gevallen uitgestegen. Daarbij zijn ook de eerste gevallen van een permanente mutatie gerapporteerd in de hoofdstad. Ziekenhuizen in de provincie zijn druk bezig hun capaciteit op te schalen om het stijgende aantal patiënten aan te kunnen.', '~ Degressia Dagblad ~', false);
INSERT INTO news_article (id, title, message, source, pop_up) VALUES (6, 'Aanstekelijke hamsterwoede', 'Eerder gingen inwoners van Engelse Eiland al massaal naar de winkels om tampons op te kopen. Nu zijn ook in het naburige Digitanzanië dergelijke taferelen waar te nemen. Hoewel de hamsterwoede nog niet zo erg is als op het eiland ontstaan er wel degelijk lokale tekorten. De aanmaningen van de Digitanzaneese overheid tegen het onconventionele gebruik van de tampons worden maar beperkt gehoord.', '~ Pretechnostan Post ~', true);
INSERT INTO news_article (id, title, message, source, pop_up) VALUES (7, 'Overheid Digitanzanië lanceert preventie dashboard Olifantengriep', 'De overheid van Digitanzanië heeft een dashboard gelanceerd waarin alle actuele informatie over de Olifantengriep staat weergegeven. Het dashboard geeft daarnaast aan wat voor stappen burgers kunnen nemen om besmetting met het virus te voorkomen. Zo wordt er geadviseerd om regelmatig de handen te wassen en in de elleboog te niezen.', '~ Pretechnostan Post ~', true);
INSERT INTO news_article (id, title, message, source, pop_up) VALUES (8, 'Voorgoed veranderd', 'De eerste gevallen van een permanente mutatie met het Olifantengriep virus in Digitanzanië zijn officieel. Zonder vaccin of medicijn zijn doctoren aangewezen op het verlichten van de symptomen en hopen op het beste. Bij een groep patiënten mocht dat niet baten. Zij zullen de rest van hun leven met een slurf moeten doorbrengen. Waarschijnlijk zullen zij niet de laatste zijn. De patiënten onder gaan momenteel training om gebruik te leren maken van hun nieuwe ledemaat.', '~ Daily Digitanzanië ~', false);
INSERT INTO news_article (id, title, message, source, pop_up) VALUES (9, 'Besmettingen Olifantengriep lopen onverwacht hoog op', 'De cijfers met Olifantengriep besmettingen zijn ondanks aangekondigde maatregelen hard gestegen in Digitanzanië. De regering roept haar burgers op om afstand te houden en in quarantaine te gaan wanneer men symptomen vertoont. De maatregelen worden echter slecht gevolgd. Velen lijken te denken al veilig te zijn als ze een neuskapje dragen. Deze blijken in de praktijk echter weinig te doen om een besmetting met het virus te voorkomen.', '~ Eerlijk Engelse Eiland ~', true);
INSERT INTO news_article (id, title, message, source, pop_up) VALUES (10, 'Zuid-Kropslavië volgt voorbeeld van Degressia', 'Vanochtend heeft de regering van Zuid-Kropslavië aangekondigd de grenzen met buurlanden Noord-Kropslavië en Pretechnostan te sluiten. De Zuid-Kropslavische overheid adviseert Zuid-Kropslaviërs in besmette gebieden om zich te laten testen alvorens terug te keren.', '~ Pretechnostan Post ~', false);
INSERT INTO news_article (id, title, message, source, pop_up) VALUES (11, 'Voorgoed veranderd', 'De eerste gevallen van een permanente mutatie met het Olifantengriepvirus in Digitanzanië zijn officieel. Zonder vaccin of medicijn zijn doctoren aangewezen op het verlichten van de symptomen en hopen op het beste. Bij 16 patiënten mocht dat niet baten. Zij zullen de rest van hun leven met een slurf moeten doorbrengen. Waarschijnlijk zullen zij niet de laatste zijn. De patiënten ondergaan momenteel training om gebruik te leren maken van hun nieuwe ledemaat.', '~ Daily Digitanzanië ~', false);
INSERT INTO news_article (id, title, message, source, pop_up) VALUES (12, 'Voorgoed veranderd', 'De eerste gevallen van een permanente mutatie met het Olifantengriepvirus in Digitanzanië zijn officieel. Zonder vaccin of medicijn zijn doctoren aangewezen op het verlichten van de symptomen en hopen op het beste. Bij een elftal patiënten mocht dat niet baten. Zij zullen de rest van hun leven met een slurf moeten doorbrengen. Waarschijnlijk zullen zij niet de laatste zijn. De patiënten ondergaan momenteel training om gebruik te leren maken van hun nieuwe ledemaat.', '~ Daily Digitanzanië ~', false);
INSERT INTO news_article (id, title, message, source, pop_up) VALUES (13, 'Besmettingen Olifantengriep lopen op', 'De cijfers met Olifantengriep besmettingen zijn ondanks aangekondigde maatregelen gestegen in Digitanzanië. De regering roept haar burgers op om afstand te houden en in quarantaine te gaan wanneer men symptomen vertoont. De maatregelen worden wisselend opgepakt. Sommigen denken al veilig te zijn als ze een neuskapje dragen. In de praktijk doen die echter weinig om een besmetting met het virus te voorkomen.', '~ Eerlijk Engelse Eiland ~', true);
INSERT INTO news_article (id, title, message, source, pop_up) VALUES (14, 'Voorgoed veranderd', 'De eerste gevallen van een permanente mutatie met het Olifantengriepvirus in Digitanzanië zijn officieel. Zonder vaccin of medicijn zijn doctoren aangewezen op het verlichten van de symptomen en hopen op het beste. Bij zeven patiënten mocht dat niet baten. Zij zullen de rest van hun leven met een slurf moeten doorbrengen. Waarschijnlijk zullen zij niet de laatste zijn. De patiënten ondergaan momenteel training om gebruik te leren maken van hun nieuwe ledemaat.', '~ Daily Digitanzanië ~', false);
INSERT INTO news_article (id, title, message, source, pop_up) VALUES (15, 'Olifantengriep uitbraak in Montangia!', 'De Olifantengriep verspreidt zich snel door Montangia. Modellen die de verspreiding door het land moesten voorspellen bleken er ver naast te zitten. Ondanks de noodmaatregelen die het land heeft genomen stijgt het aantal infecties snel. Experts wijten dit aan de neuskapjes. Eerder adviseerde de Montangiaanse overheid haar burgers om neuskapjes te dragen. Deze blijken na onderzoek echter niet te helpen een infectie met het virus tegen te gaan.', '~ Degressia Dagblad ~', true);
INSERT INTO news_article (id, title, message, source, pop_up) VALUES (16, 'Voorgoed veranderd', 'De eerste gevallen van een permanente mutatie met het Olifantengriepvirus in Digitanzanië zijn officieel. Zonder vaccin of medicijn zijn doctoren aangewezen op het verlichten van de symptomen en hopen op het beste. Bij een viertal patiënten mocht dat niet baten. Zij zullen de rest van hun leven met een slurf moeten doorbrengen. Waarschijnlijk zullen zij niet de laatste zijn. De patiënten ondergaan momenteel training om gebruik te leren maken van hun nieuwe ledemaat.', '~ Daily Digitanzanië ~', false);
INSERT INTO news_article (id, title, message, source, pop_up) VALUES (17, 'Olifantengriep cijfers stijgen onverminderd', 'Voorspellingen over de snelle stijging van de Olifantengriep cijfers in Digitanzanië lijken uit te komen. Verschillende onderzoeksinstituten zagen de relatief hoge bevolkingsdichtheid al als een risico voor een snelle verspreiding van het virus. In een poging om de besmettingsgraad te verlagen is Nosnez ingezet in de zwaarst getroffen steden. Wegens de beperkte beschikbaarheid van het preventiemiddel was de effectiviteit echter gering. Lokale overheden zijn inmiddels druk bezig noodopvang locaties in te richten voor patiënten.', '~ Degressia Dagblad ~', true);
INSERT INTO news_article (id, title, message, source, pop_up) VALUES (18, 'Wildvuur grijpt genadeloos om zich heen!', 'Aanhoudende droogte in Pretechnostan heeft geleid tot meerdere bosbranden die honderden hectaren bos verslinden. Een aantal van de meest omvangrijke vuren naderen de grootste steden van het land. De overheid van Pretechnostan heeft blusvliegtuigen ingezet om de branden te bedwingen. ', '~ Daily Digitanzanië ~', false);
INSERT INTO news_article (id, title, message, source, pop_up) VALUES (19, 'Engelse Eiland sluit luchthavens', 'Nadat de Olifantengriep het land binnen kwam via reizigers uit het buitenland heeft de koning van Engelse Eiland besloten om alle luchthavens te sluiten. De Olifantengriep verspreidt zich inmiddels snel door het land. Inwoners die in buitenland verblijven kunnen niet terug naar huis tot de pandemie voorbij is.', '~ Progressia magazine ~', false);
INSERT INTO news_article (id, title, message, source, pop_up) VALUES (20, 'Digitanzanië gaat strijd aan met Olifantengriep', 'Gewapend met het nieuwe preventiemiddel Nosnez gaat Digitanzanië de strijd aan met het Olifantengriep virus. In de zwaarst getroffen gebieden is men druk bezig met de verspreiding van het nieuwe medicijn dat moet helpen de besmettingsgraad te verminderen. Ook in andere landen wordt het nieuwe middel met succes ingezet om de stijging van de cijfers te bedwingen. Of het middel ook op lange termijn inzetbaar blijft is onduidelijk door onzekerheid over de productie capaciteit.', '~ Degressia Dagblad ~', true);
INSERT INTO news_article (id, title, message, source, pop_up) VALUES (21, 'Piek Olifantengriep uitbraak afgewend', 'Olifantengriep cijfers liepen hard op in verscheidene provincies in Digitanzanië eerder deze week. Experts vreesden dat het land daarmee achter Noord- en Zuid-Kropslavië zou aangaan als grote brandhaard. Met tijdige inzet van het nieuwe preventiemiddel, Nosnez, werd het ergste van deze golf echter bedwongen. Nosnez wordt momenteel in meerdere landen ingezet om besmettelijkheid van de Olifantengriep te verlagen onder geïnfecteerden.', '~ Degressia Dagblad ~', true);
INSERT INTO news_article (id, title, message, source, pop_up) VALUES (22, 'Gehaaste wetenschap en drama', 'Na de ophef over het ontruimen van sinaasappels uit de supermarktschappen, is er wederom onrust in de wetenschappelijke wereld. De beslissing om de schappen te ontruimen zou voortkomen uit een onderzoek dat aantoonde hoe sinaasappels de kans op besmetting met het Olifantengriep virus verhoogde. Dat onderzoek werd vandaag ontkracht in een persconferentie waarin Samantha Kertam, voorzitter van de Dikke Huidenbeweging, haar excuses aanbood. De conclusies uit het onderzoek bleken overhaast en ongefundeerd.', '~ Wauw! Magazine ~', true);
INSERT INTO news_article (id, title, message, source, pop_up) VALUES (23, 'Piek uitbraak Olifantengriep in Zuid-Kropslavië', 'Olifantencijfers in Zuid-Kropslavië zijn de afgelopen weken met onvoorstelbare snelheid omhoog geschoten. Vooral in de grote steden zijn de besmettingscijfers schrikbarend. Het Zuid-Kropslavische ministerie van Welzijn rapporteert overvolle ziekenhuizen en geeft aan sporthalen en congrescentra in te willen zetten als opvang locaties voor patiënten.', '~ Degressia Dagblad ~', false);
INSERT INTO news_article (id, title, message, source, pop_up) VALUES (24, 'Noord-Kropslavië ziet eerste resultaten van maatregelen tegen Olifantengriep', 'Als eerste getroffen land heeft Noord-Kropslavië in korte tijd een groot aantal verregaande maatregelen genomen om de verspreiding van het virus te bedwingen. Deze lijken nu hun eerste vruchten af te werpen. De snelheid waarmee het aantal besmettingen stijgt lijkt af te nemen. Of de huidige maatregelen voldoende zijn is momenteel nog niet te zeggen.', '~ Daily Digitanzanië ~', false);
INSERT INTO news_article (id, title, message, source, pop_up) VALUES (25, 'Wat is gezond?', 'Veel is nog onduidelijk over de werking van het Olifantengriep virus. Zo beweerde de Dikke Huidenbeweging dat de verspreiding van het virus versneld zou worden door het eten van sinaasappels. Op verschillende plekken wordt er verder onderzoek gedaan naar deze bewering maar vooralsnog zonder definitief resultaat. Uit voorzorg zijn in bepaalde EregioE’\’s de vruchten al preventief uit de schappen gehaald.', '~ Pretechnostan Post ~', true);
INSERT INTO news_article (id, title, message, source, pop_up) VALUES (26, 'Noord-Kropslavië ziet eerste resultaten van maatregelen tegen Olifantengriep', 'Als eerste getroffen land heeft Noord-Kropslavië in korte tijd een groot aantal, verregaande maatregelen genomen om de verspreiding van het virus te bedwingen. Deze lijken nu hun eerste vruchten af te werpen. De snelheid waarmee het aantal besmettingen stijgt lijkt af te nemen. Of de huidige maatregelen voldoende zijn is momenteel nog niet te zeggen.', '~ Daily Digitanzanië ~', false);
INSERT INTO news_article (id, title, message, source, pop_up) VALUES (27, 'Onrust in de wetenschappelijke wereld', 'Samantha Kertam, voorzitter van Dikke Huidenbeweging, bood vanochtend haar excuses aan in een persconferentie. De persconferentie volgde na de ophef die voortkwam uit een verdiepend onderzoek naar de effecten van sinaasappels op de besmettingsgraad van de Olifantengriep. Aanleiding voor dit onderzoek waren de beweringen van de Dikke Huidenbeweging dat sinaasappels besmetting met de Olifantengriep zouden verhogen, deze uitspraken bleken gebaseerd op onvoldoende data en daarmee ongegrond.', '~ Daily Digitanzanië ~', true);
INSERT INTO news_article (id, title, message, source, pop_up) VALUES (28, 'Olifantengriepcijfers stabiliseren internationaal', 'Na lange periode van onzekerheid lijken de eerste optimistische signalen te zien te zijn. Olifantengriepcijfers stijgen steeds minder snel. In enkele uitzonderingen is zelf een afname van het aantal actieve infecties waar te nemen. Ongetwijfeld is dit het effect van de genomen maatregelen en het intensiveren van de zorg.', '~ Daily Digitanzanië ~', false);
INSERT INTO news_article (id, title, message, source, pop_up) VALUES (29, 'Half werk is geen werk', 'Hoewel de cijfers lijken te stabiliseren ging het niet zonder slag of stoot voor Digitanzanië. Een eerder aangekondigd pakket met noodmaatregelen werd afgezwakt na veel protest van oppositiepartijen en burgers. Deze halve maatregelen leidden in eerste instantie tot een onverminderde, snelle stijging van het virus. Na een noodoverleg werd er toch besloten de zwaardere maatregelen door te voeren met veel onrust als gevolg. Op veel plekken in het land wordt er geprotesteerd tegen het ad hoc beleid van de regering.', '~ Eerlijk Engelse Eiland ~', true);
INSERT INTO news_article (id, title, message, source, pop_up) VALUES (30, 'Onrust en ongenoegen', 'Er heerst veel onrust in Digitanzanië. Eerder kondigde de regering een pakket aan maatregelen af waar fel op werd gereageerd. Sindsdien zijn er meerdere aanpassingen gedaan om deze passend te maken op de lokale situatie in de verschillende provinciën. Ondanks ophef die de maatregelen veroorzaakten lijken ze wel effect te hebben. De curve met besmettingen in het land lijkt af te nemen. Op verschillende plekken gaan er al geluiden op voor een versoepeling van de noodmaatregelen.', '~ Eerlijk Engelse Eiland ~', true);
INSERT INTO news_article (id, title, message, source, pop_up) VALUES (31, 'Olifantengriepcijfers stabiliseren internationaal', 'Na lange periode van onzekerheid lijken de eerste optimistische signalen te zien te zijn. Olifantengriepcijfers stijgen steeds minder snel. In enkele uitzonderingen is zelfs een afname van het aantal actieve infecties waar te nemen. Ongetwijfeld is dit het effect van de genomen maatregelen en het intensiveren van de zorg.', '~ Daily Digitanzanië ~', false);
INSERT INTO news_article (id, title, message, source, pop_up) VALUES (32, 'De daad bij het woord', 'Zoals beloofd zijn vandaag de eerste lichte versoepelingen van de Olifantengriep maatregelen zichtbaar in Digitanzanië. Het land volgde eerder Noord-Kropslavië in het nemen van omstreden en verregaande maatregelen met het gewenste resultaat als gevolg. De snelle stijging van de cijfers is de afgelopen periode afgenomen. Geluiden gaan zelfs op voor een verdere versoepeling.', '~ Eerlijk Engelse Eiland ~', true);

-- Insert data bias question --
INSERT INTO bias_question (id, points, bias_id) VALUES ( 1, 0, 1);
INSERT INTO bias_question (id, points, bias_id) VALUES ( 2, 5, 2);
INSERT INTO bias_question (id, points, bias_id) VALUES ( 3, 2, 3);
INSERT INTO bias_question (id, points, bias_id) VALUES ( 4, 0, 4);
INSERT INTO bias_question (id, points, bias_id) VALUES ( 5, 2, 5);
INSERT INTO bias_question (id, points, bias_id) VALUES ( 6, 5, 6);
INSERT INTO bias_question (id, points, bias_id) VALUES ( 7, 0, 7);
INSERT INTO bias_question (id, points, bias_id) VALUES ( 8, 2, 8);
INSERT INTO bias_question (id, points, bias_id) VALUES ( 9, 5, 1);
INSERT INTO bias_question (id, points, bias_id) VALUES ( 10, 5, 9);
INSERT INTO bias_question (id, points, bias_id) VALUES ( 11, 2, 10);
INSERT INTO bias_question (id, points, bias_id) VALUES ( 12, 0, 11);
INSERT INTO bias_question (id, points, bias_id) VALUES ( 13, 2, 10);
INSERT INTO bias_question (id, points, bias_id) VALUES ( 14, 0, 5);
INSERT INTO bias_question (id, points, bias_id) VALUES ( 15, 5, 12);
INSERT INTO bias_question (id, points, bias_id) VALUES ( 16, 0, 13);
INSERT INTO bias_question (id, points, bias_id) VALUES ( 17, 2, 14);
INSERT INTO bias_question (id, points, bias_id) VALUES ( 18, 5, 15);

INSERT INTO measure_question_scenario (measure_question_id, scenario_id) VALUES (1,1);
INSERT INTO measure_question_scenario (measure_question_id, scenario_id) VALUES (1,2);
INSERT INTO measure_question_scenario (measure_question_id, scenario_id) VALUES (1,3);
INSERT INTO measure_question_scenario (measure_question_id, scenario_id) VALUES (2,4);
INSERT INTO measure_question_scenario (measure_question_id, scenario_id) VALUES (2,5);
INSERT INTO measure_question_scenario (measure_question_id, scenario_id) VALUES (2,6);
INSERT INTO measure_question_scenario (measure_question_id, scenario_id) VALUES (3,7);
INSERT INTO measure_question_scenario (measure_question_id, scenario_id) VALUES (3,8);
INSERT INTO measure_question_scenario (measure_question_id, scenario_id) VALUES (3,9);
INSERT INTO measure_question_scenario (measure_question_id, scenario_id) VALUES (4,10);
INSERT INTO measure_question_scenario (measure_question_id, scenario_id) VALUES (4,11);
INSERT INTO measure_question_scenario (measure_question_id, scenario_id) VALUES (4,12);
INSERT INTO measure_question_scenario (measure_question_id, scenario_id) VALUES (5,13);
INSERT INTO measure_question_scenario (measure_question_id, scenario_id) VALUES (5,14);
INSERT INTO measure_question_scenario (measure_question_id, scenario_id) VALUES (5,15);
INSERT INTO measure_question_scenario (measure_question_id, scenario_id) VALUES (6,16);
INSERT INTO measure_question_scenario (measure_question_id, scenario_id) VALUES (6,17);
INSERT INTO measure_question_scenario (measure_question_id, scenario_id) VALUES (6,18);

INSERT INTO canvas (id, name, points, map_id, value1, value2, value3) VALUES (1, 'G1R1Canvas3', 3, 1, '19362815', '0', '0');
INSERT INTO canvas (id, name, points, map_id, value1, value2, value3) VALUES (2, 'G1R2Canvas2', 2, 2, '19362703', '112', '0');
INSERT INTO canvas (id, name, points, map_id, value1, value2, value3) VALUES (3, 'G1R2Canvas3', 3, 3, '19362703', '112', '0');
INSERT INTO canvas (id, name, points, map_id, value1, value2, value3) VALUES (4, 'G1R2Canvas4', 4, 4, '19362703', '112', '0');
INSERT INTO canvas (id, name, points, map_id, value1, value2, value3) VALUES (5, 'G1R3Canvas1', 1, 5, '19361955', '836', '24');
INSERT INTO canvas (id, name, points, map_id, value1, value2, value3) VALUES (6, 'G1R3Canvas2', 2, 6, '19362029', '770', '16');
INSERT INTO canvas (id, name, points, map_id, value1, value2, value3) VALUES (7, 'G1R3Canvas3', 3, 7, '19362132', '672', '11');
INSERT INTO canvas (id, name, points, map_id, value1, value2, value3) VALUES (8, 'G1R3Canvas4', 4, 8, '19362214', '594', '7');
INSERT INTO canvas (id, name, points, map_id, value1, value2, value3) VALUES (9, 'G1R3Canvas5', 5, 9, '19362300', '511', '4');
INSERT INTO canvas (id, name, points, map_id, value1, value2, value3) VALUES (10, 'G1R4Canvas1', 1, 10, '19356467', '6233', '115');
INSERT INTO canvas (id, name, points, map_id, value1, value2, value3) VALUES (11, 'G1R4Canvas2', 2, 11, '19357623', '5097', '95');
INSERT INTO canvas (id, name, points, map_id, value1, value2, value3) VALUES (12, 'G1R4Canvas3', 3, 12, '19358612', '4132', '71');
INSERT INTO canvas (id, name, points, map_id, value1, value2, value3) VALUES (13, 'G1R4Canvas4', 4, 13, '19359581', '3178', '56');
INSERT INTO canvas (id, name, points, map_id, value1, value2, value3) VALUES (14, 'G1R4Canvas5', 5, 14, '19360451', '2316', '48');
INSERT INTO canvas (id, name, points, map_id, value1, value2, value3) VALUES (15, 'G1R5Canvas1', 1, 15, '19315268', '46747', '800');
INSERT INTO canvas (id, name, points, map_id, value1, value2, value3) VALUES (16, 'G1R5Canvas2', 2, 16, '19327794', '34404', '617');
INSERT INTO canvas (id, name, points, map_id, value1, value2, value3) VALUES (17, 'G1R5Canvas3', 3, 17, '19337560', '24792', '463');
INSERT INTO canvas (id, name, points, map_id, value1, value2, value3) VALUES (18, 'G1R5Canvas4', 4, 18, '19345797', '16684', '334');
INSERT INTO canvas (id, name, points, map_id, value1, value2, value3) VALUES (19, 'G1R5Canvas5', 5, 19, '19352160', '10422', '233');
INSERT INTO canvas (id, name, points, map_id, value1, value2, value3) VALUES (20, 'G1R6Canvas1', 1, 20, '19289323', '70121', '3371');
INSERT INTO canvas (id, name, points, map_id, value1, value2, value3) VALUES (21, 'G1R6Canvas2', 2, 21, '19311409', '49026', '2380');
INSERT INTO canvas (id, name, points, map_id, value1, value2, value3) VALUES (22, 'G1R6Canvas3', 3, 22, '19327705', '33469', '1641');
INSERT INTO canvas (id, name, points, map_id, value1, value2, value3) VALUES (23, 'G1R6Canvas4', 4, 23, '19340479', '16684', '1064');
INSERT INTO canvas (id, name, points, map_id, value1, value2, value3) VALUES (24, 'G1R6Canvas5', 5, 24, '19349659', '12506', '650');
INSERT INTO canvas (id, name, points, map_id, value1, value2, value3) VALUES (25, 'Leeg canvas', 0, 25, '', '', '');

INSERT INTO metric_canvas (canvas_id, metric_id) VALUES (1,1);
INSERT INTO metric_canvas (canvas_id, metric_id) VALUES (1,2);
INSERT INTO metric_canvas (canvas_id, metric_id) VALUES (1,3);
INSERT INTO metric_canvas (canvas_id, metric_id) VALUES (2,1);
INSERT INTO metric_canvas (canvas_id, metric_id) VALUES (2,2);
INSERT INTO metric_canvas (canvas_id, metric_id) VALUES (2,3);
INSERT INTO metric_canvas (canvas_id, metric_id) VALUES (3,1);
INSERT INTO metric_canvas (canvas_id, metric_id) VALUES (3,2);
INSERT INTO metric_canvas (canvas_id, metric_id) VALUES (3,3);
INSERT INTO metric_canvas (canvas_id, metric_id) VALUES (4,1);
INSERT INTO metric_canvas (canvas_id, metric_id) VALUES (4,2);
INSERT INTO metric_canvas (canvas_id, metric_id) VALUES (4,3);
INSERT INTO metric_canvas (canvas_id, metric_id) VALUES (5,1);
INSERT INTO metric_canvas (canvas_id, metric_id) VALUES (5,2);
INSERT INTO metric_canvas (canvas_id, metric_id) VALUES (5,3);
INSERT INTO metric_canvas (canvas_id, metric_id) VALUES (6,1);
INSERT INTO metric_canvas (canvas_id, metric_id) VALUES (6,2);
INSERT INTO metric_canvas (canvas_id, metric_id) VALUES (6,3);
INSERT INTO metric_canvas (canvas_id, metric_id) VALUES (7,1);
INSERT INTO metric_canvas (canvas_id, metric_id) VALUES (7,2);
INSERT INTO metric_canvas (canvas_id, metric_id) VALUES (7,3);
INSERT INTO metric_canvas (canvas_id, metric_id) VALUES (8,1);
INSERT INTO metric_canvas (canvas_id, metric_id) VALUES (8,2);
INSERT INTO metric_canvas (canvas_id, metric_id) VALUES (8,3);
INSERT INTO metric_canvas (canvas_id, metric_id) VALUES (9,1);
INSERT INTO metric_canvas (canvas_id, metric_id) VALUES (9,2);
INSERT INTO metric_canvas (canvas_id, metric_id) VALUES (9,3);
INSERT INTO metric_canvas (canvas_id, metric_id) VALUES (10,1);
INSERT INTO metric_canvas (canvas_id, metric_id) VALUES (10,2);
INSERT INTO metric_canvas (canvas_id, metric_id) VALUES (10,3);
INSERT INTO metric_canvas (canvas_id, metric_id) VALUES (11,1);
INSERT INTO metric_canvas (canvas_id, metric_id) VALUES (11,2);
INSERT INTO metric_canvas (canvas_id, metric_id) VALUES (11,3);
INSERT INTO metric_canvas (canvas_id, metric_id) VALUES (12,1);
INSERT INTO metric_canvas (canvas_id, metric_id) VALUES (12,2);
INSERT INTO metric_canvas (canvas_id, metric_id) VALUES (12,3);
INSERT INTO metric_canvas (canvas_id, metric_id) VALUES (13,1);
INSERT INTO metric_canvas (canvas_id, metric_id) VALUES (13,2);
INSERT INTO metric_canvas (canvas_id, metric_id) VALUES (13,3);
INSERT INTO metric_canvas (canvas_id, metric_id) VALUES (14,1);
INSERT INTO metric_canvas (canvas_id, metric_id) VALUES (14,2);
INSERT INTO metric_canvas (canvas_id, metric_id) VALUES (14,3);
INSERT INTO metric_canvas (canvas_id, metric_id) VALUES (15,1);
INSERT INTO metric_canvas (canvas_id, metric_id) VALUES (15,2);
INSERT INTO metric_canvas (canvas_id, metric_id) VALUES (15,3);
INSERT INTO metric_canvas (canvas_id, metric_id) VALUES (16,1);
INSERT INTO metric_canvas (canvas_id, metric_id) VALUES (16,2);
INSERT INTO metric_canvas (canvas_id, metric_id) VALUES (16,3);
INSERT INTO metric_canvas (canvas_id, metric_id) VALUES (17,1);
INSERT INTO metric_canvas (canvas_id, metric_id) VALUES (17,2);
INSERT INTO metric_canvas (canvas_id, metric_id) VALUES (17,3);
INSERT INTO metric_canvas (canvas_id, metric_id) VALUES (18,1);
INSERT INTO metric_canvas (canvas_id, metric_id) VALUES (18,2);
INSERT INTO metric_canvas (canvas_id, metric_id) VALUES (18,3);
INSERT INTO metric_canvas (canvas_id, metric_id) VALUES (19,1);
INSERT INTO metric_canvas (canvas_id, metric_id) VALUES (19,2);
INSERT INTO metric_canvas (canvas_id, metric_id) VALUES (19,3);
INSERT INTO metric_canvas (canvas_id, metric_id) VALUES (20,1);
INSERT INTO metric_canvas (canvas_id, metric_id) VALUES (20,2);
INSERT INTO metric_canvas (canvas_id, metric_id) VALUES (20,3);
INSERT INTO metric_canvas (canvas_id, metric_id) VALUES (21,1);
INSERT INTO metric_canvas (canvas_id, metric_id) VALUES (21,2);
INSERT INTO metric_canvas (canvas_id, metric_id) VALUES (21,3);
INSERT INTO metric_canvas (canvas_id, metric_id) VALUES (22,1);
INSERT INTO metric_canvas (canvas_id, metric_id) VALUES (22,2);
INSERT INTO metric_canvas (canvas_id, metric_id) VALUES (22,3);
INSERT INTO metric_canvas (canvas_id, metric_id) VALUES (23,1);
INSERT INTO metric_canvas (canvas_id, metric_id) VALUES (23,2);
INSERT INTO metric_canvas (canvas_id, metric_id) VALUES (23,3);
INSERT INTO metric_canvas (canvas_id, metric_id) VALUES (24,1);
INSERT INTO metric_canvas (canvas_id, metric_id) VALUES (24,2);
INSERT INTO metric_canvas (canvas_id, metric_id) VALUES (24,3);

INSERT INTO news_article_canvas (news_article_id, canvas_id) VALUES (1, 1);
INSERT INTO news_article_canvas (news_article_id, canvas_id) VALUES (1, 2);
INSERT INTO news_article_canvas (news_article_id, canvas_id) VALUES (2, 3);
INSERT INTO news_article_canvas (news_article_id, canvas_id) VALUES (2, 4);
INSERT INTO news_article_canvas (news_article_id, canvas_id) VALUES (2, 5);
INSERT INTO news_article_canvas (news_article_id, canvas_id) VALUES (3, 3);
INSERT INTO news_article_canvas (news_article_id, canvas_id) VALUES (3, 6);
INSERT INTO news_article_canvas (news_article_id, canvas_id) VALUES (3, 5);
INSERT INTO news_article_canvas (news_article_id, canvas_id) VALUES (4, 3);
INSERT INTO news_article_canvas (news_article_id, canvas_id) VALUES (4, 7);
INSERT INTO news_article_canvas (news_article_id, canvas_id) VALUES (4, 5);
INSERT INTO news_article_canvas (news_article_id, canvas_id) VALUES (5, 8);
INSERT INTO news_article_canvas (news_article_id, canvas_id) VALUES (5, 9);
INSERT INTO news_article_canvas (news_article_id, canvas_id) VALUES (5, 10);
INSERT INTO news_article_canvas (news_article_id, canvas_id) VALUES (6, 11);
INSERT INTO news_article_canvas (news_article_id, canvas_id) VALUES (6, 9);
INSERT INTO news_article_canvas (news_article_id, canvas_id) VALUES (6, 10);
INSERT INTO news_article_canvas (news_article_id, canvas_id) VALUES (7, 12);
INSERT INTO news_article_canvas (news_article_id, canvas_id) VALUES (7, 13);
INSERT INTO news_article_canvas (news_article_id, canvas_id) VALUES (7, 10);
INSERT INTO news_article_canvas (news_article_id, canvas_id) VALUES (8, 14);
INSERT INTO news_article_canvas (news_article_id, canvas_id) VALUES (8, 15);
INSERT INTO news_article_canvas (news_article_id, canvas_id) VALUES (8, 10);
INSERT INTO news_article_canvas (news_article_id, canvas_id) VALUES (9, 16);
INSERT INTO news_article_canvas (news_article_id, canvas_id) VALUES (9, 15);
INSERT INTO news_article_canvas (news_article_id, canvas_id) VALUES (9, 10);
INSERT INTO news_article_canvas (news_article_id, canvas_id) VALUES (10, 19);
INSERT INTO news_article_canvas (news_article_id, canvas_id) VALUES (10, 17);
INSERT INTO news_article_canvas (news_article_id, canvas_id) VALUES (10, 18);
INSERT INTO news_article_canvas (news_article_id, canvas_id) VALUES (11, 19);
INSERT INTO news_article_canvas (news_article_id, canvas_id) VALUES (11, 20);
INSERT INTO news_article_canvas (news_article_id, canvas_id) VALUES (11, 18);
INSERT INTO news_article_canvas (news_article_id, canvas_id) VALUES (12, 19);
INSERT INTO news_article_canvas (news_article_id, canvas_id) VALUES (12, 20);
INSERT INTO news_article_canvas (news_article_id, canvas_id) VALUES (12, 18);
INSERT INTO news_article_canvas (news_article_id, canvas_id) VALUES (13, 19);
INSERT INTO news_article_canvas (news_article_id, canvas_id) VALUES (13, 20);
INSERT INTO news_article_canvas (news_article_id, canvas_id) VALUES (13, 18);
INSERT INTO news_article_canvas (news_article_id, canvas_id) VALUES (14, 19);
INSERT INTO news_article_canvas (news_article_id, canvas_id) VALUES (14, 21);
INSERT INTO news_article_canvas (news_article_id, canvas_id) VALUES (14, 18);
INSERT INTO news_article_canvas (news_article_id, canvas_id) VALUES (15, 22);
INSERT INTO news_article_canvas (news_article_id, canvas_id) VALUES (15, 23);
INSERT INTO news_article_canvas (news_article_id, canvas_id) VALUES (15, 24);
INSERT INTO news_article_canvas (news_article_id, canvas_id) VALUES (16, 25);
INSERT INTO news_article_canvas (news_article_id, canvas_id) VALUES (16, 23);
INSERT INTO news_article_canvas (news_article_id, canvas_id) VALUES (16, 26);
INSERT INTO news_article_canvas (news_article_id, canvas_id) VALUES (17, 25);
INSERT INTO news_article_canvas (news_article_id, canvas_id) VALUES (17, 23);
INSERT INTO news_article_canvas (news_article_id, canvas_id) VALUES (17, 24);
INSERT INTO news_article_canvas (news_article_id, canvas_id) VALUES (18, 25);
INSERT INTO news_article_canvas (news_article_id, canvas_id) VALUES (18, 23);
INSERT INTO news_article_canvas (news_article_id, canvas_id) VALUES (18, 24);
INSERT INTO news_article_canvas (news_article_id, canvas_id) VALUES (19, 27);
INSERT INTO news_article_canvas (news_article_id, canvas_id) VALUES (19, 23);
INSERT INTO news_article_canvas (news_article_id, canvas_id) VALUES (19, 24);
INSERT INTO news_article_canvas (news_article_id, canvas_id) VALUES (20, 28);
INSERT INTO news_article_canvas (news_article_id, canvas_id) VALUES (20, 29);
INSERT INTO news_article_canvas (news_article_id, canvas_id) VALUES (21, 28);
INSERT INTO news_article_canvas (news_article_id, canvas_id) VALUES (21, 30);
INSERT INTO news_article_canvas (news_article_id, canvas_id) VALUES (22, 31);
INSERT INTO news_article_canvas (news_article_id, canvas_id) VALUES (22, 30);
INSERT INTO news_article_canvas (news_article_id, canvas_id) VALUES (23, 28);
INSERT INTO news_article_canvas (news_article_id, canvas_id) VALUES (23, 30);
INSERT INTO news_article_canvas (news_article_id, canvas_id) VALUES (24, 28);
INSERT INTO news_article_canvas (news_article_id, canvas_id) VALUES (24, 32);

INSERT INTO round (id, title, round_number, scenario_id, timer_id) VALUES (1, 'De start', 'Ronde 1: ', 1, 3);
INSERT INTO round (id, title, round_number, scenario_id, timer_id) VALUES (2, 'De opmars', 'Ronde 2: ', 2, 3);
INSERT INTO round (id, title, round_number, scenario_id, timer_id) VALUES (3, 'De eerste gevallen', 'Ronde 3: ', 3, 3);
INSERT INTO round (id, title, round_number, scenario_id, timer_id) VALUES (4, 'De pandemie', 'Ronde 4: ', 4, 3);
INSERT INTO round (id, title, round_number, scenario_id, timer_id) VALUES (5, 'Het hoogtij', 'Ronde 5: ', 5, 3);
INSERT INTO round (id, title, round_number, scenario_id, timer_id) VALUES (6, 'Het eind in zicht', 'Ronde 6: ', 6, 3);

INSERT INTO bias_question_round (bias_question_id, round_id) VALUES (1, 1);
INSERT INTO bias_question_round (bias_question_id, round_id) VALUES (1, 2);
INSERT INTO bias_question_round (bias_question_id, round_id) VALUES (1, 3);
INSERT INTO bias_question_round (bias_question_id, round_id) VALUES (2, 4);
INSERT INTO bias_question_round (bias_question_id, round_id) VALUES (2, 5);
INSERT INTO bias_question_round (bias_question_id, round_id) VALUES (2, 6);
INSERT INTO bias_question_round (bias_question_id, round_id) VALUES (3, 7);
INSERT INTO bias_question_round (bias_question_id, round_id) VALUES (3, 8);
INSERT INTO bias_question_round (bias_question_id, round_id) VALUES (3, 9);
INSERT INTO bias_question_round (bias_question_id, round_id) VALUES (4, 10);
INSERT INTO bias_question_round (bias_question_id, round_id) VALUES (4, 11);
INSERT INTO bias_question_round (bias_question_id, round_id) VALUES (4, 12);
INSERT INTO bias_question_round (bias_question_id, round_id) VALUES (5, 13);
INSERT INTO bias_question_round (bias_question_id, round_id) VALUES (5, 14);
INSERT INTO bias_question_round (bias_question_id, round_id) VALUES (5, 15);
INSERT INTO bias_question_round (bias_question_id, round_id) VALUES (6, 16);
INSERT INTO bias_question_round (bias_question_id, round_id) VALUES (6, 17);
INSERT INTO bias_question_round (bias_question_id, round_id) VALUES (6, 18);

INSERT INTO canvas_round (canvas_id, round_id) VALUES (1, 25);
INSERT INTO canvas_round (canvas_id, round_id) VALUES (1, 25);
INSERT INTO canvas_round (canvas_id, round_id) VALUES (1, 1);
INSERT INTO canvas_round (canvas_id, round_id) VALUES (1, 25);
INSERT INTO canvas_round (canvas_id, round_id) VALUES (1, 25);
INSERT INTO canvas_round (canvas_id, round_id) VALUES (2, 25);
INSERT INTO canvas_round (canvas_id, round_id) VALUES (2, 2);
INSERT INTO canvas_round (canvas_id, round_id) VALUES (2, 3);
INSERT INTO canvas_round (canvas_id, round_id) VALUES (2, 4);
INSERT INTO canvas_round (canvas_id, round_id) VALUES (2, 25);
INSERT INTO canvas_round (canvas_id, round_id) VALUES (3, 5);
INSERT INTO canvas_round (canvas_id, round_id) VALUES (3, 6);
INSERT INTO canvas_round (canvas_id, round_id) VALUES (3, 7);
INSERT INTO canvas_round (canvas_id, round_id) VALUES (3, 8);
INSERT INTO canvas_round (canvas_id, round_id) VALUES (3, 9);
INSERT INTO canvas_round (canvas_id, round_id) VALUES (4, 10);
INSERT INTO canvas_round (canvas_id, round_id) VALUES (4, 11);
INSERT INTO canvas_round (canvas_id, round_id) VALUES (4, 12);
INSERT INTO canvas_round (canvas_id, round_id) VALUES (4, 13);
INSERT INTO canvas_round (canvas_id, round_id) VALUES (4, 14);
INSERT INTO canvas_round (canvas_id, round_id) VALUES (5, 15);
INSERT INTO canvas_round (canvas_id, round_id) VALUES (5, 16);
INSERT INTO canvas_round (canvas_id, round_id) VALUES (5, 17);
INSERT INTO canvas_round (canvas_id, round_id) VALUES (5, 18);
INSERT INTO canvas_round (canvas_id, round_id) VALUES (5, 19);
INSERT INTO canvas_round (canvas_id, round_id) VALUES (6, 20);
INSERT INTO canvas_round (canvas_id, round_id) VALUES (6, 21);
INSERT INTO canvas_round (canvas_id, round_id) VALUES (6, 22);
INSERT INTO canvas_round (canvas_id, round_id) VALUES (6, 23);
INSERT INTO canvas_round (canvas_id, round_id) VALUES (6, 24);